<?xml version="1.0" encoding="UTF-8" ?>
<document>
<!--The data in this file is primarily intended for consumption by Xilinx tools.
The structure and the elements are likely to change over the next few releases.
This means code written to parse this file will need to be revisited each subsequent release.-->
<application name="pa" timeStamp="Thu Oct 06 22:51:18 2016">
<section name="Project Information" visible="false">
<property name="ProjectID" value="02d18a8fd2464080af8962d928575d28" type="ProjectID"/>
<property name="ProjectIteration" value="1" type="ProjectIteration"/>
</section>
<section name="PlanAhead Usage" visible="true">
<item name="Project Data">
<property name="SrcSetCount" value="1" type="SrcSetCount"/>
<property name="ConstraintSetCount" value="1" type="ConstraintSetCount"/>
<property name="DesignMode" value="RTL" type="DesignMode"/>
<property name="SynthesisStrategy" value="Vivado Synthesis Defaults" type="SynthesisStrategy"/>
<property name="ImplStrategy" value="Vivado Implementation Defaults" type="ImplStrategy"/>
</item>
<item name="Java Command Handlers">
<property name="AddSources" value="7" type="JavaHandler"/>
<property name="NewProject" value="1" type="JavaHandler"/>
<property name="SaveFileProxyHandler" value="2" type="JavaHandler"/>
<property name="ShowView" value="1" type="JavaHandler"/>
<property name="SimulationRun" value="20" type="JavaHandler"/>
<property name="SimulationRunForTime" value="18" type="JavaHandler"/>
<property name="ViewTaskProjectManager" value="1" type="JavaHandler"/>
<property name="ViewTaskSimulation" value="1" type="JavaHandler"/>
</item>
<item name="Gui Resources Info">
<property name="BACK,  Back" value="1" type="GuiResourceData"/>
<property name="CANCEL, Cancel" value="1" type="GuiResourceData"/>
<property name="FINISH, Finish" value="1" type="GuiResourceData"/>
<property name="NEXT, Next " value="4" type="GuiResourceData"/>
<property name="PAResourceAtoD.AddSrcWizard_SPECIFY_SIMULATION_SPECIFIC_HDL_FILES, Add or create simulation sources" value="7" type="GuiResourceData"/>
<property name="PAResourceAtoD.CmdMsgDialog_MESSAGES, [Vivado 12-4473] Detected error while running simulation. Please correct the issue and retry this operation., 1" value="1" type="GuiResourceData"/>
<property name="PAResourceAtoD.CmdMsgDialog_MESSAGES, [Vivado 12-4473] Detected error while running simulation. Please correct the issue and retry this operation., 1, false, false, false, false, true" value="1" type="GuiResourceData"/>
<property name="PAResourceAtoD.CreateSrcFileDialog_FILE_NAME, testbench_memory" value="1" type="GuiResourceData"/>
<property name="PAResourceCommand.PACommandNames_SIMULATION_LIVE_RUN, simulation_live_run_for_time" value="19" type="GuiResourceData"/>
<property name="PAResourceCommand.PACommandNames_SIMULATION_RUN_BEHAVIORAL, Run Behavioral Simulation" value="20" type="GuiResourceData"/>
<property name="PAResourceEtoH.FileSetPanel_0_CRITICAL_WARNING, 2 critical warnings" value="1" type="GuiResourceData"/>
<property name="PAResourceEtoH.FileSetPanel_FILE_SET_PANEL_TREE, [root, Design Sources, top_level - Behavioral (top_level.vhd" value="7" type="GuiResourceData"/>
<property name="PAResourceEtoH.FileSetPanel_FILE_SET_PANEL_TREE, [root, Simulation Sources, sim_1, testbench_memory - Behavioral (testbench_memory.vhd" value="9" type="GuiResourceData"/>
<property name="PAResourceEtoH.FileSetPanel_FILE_SET_PANEL_TREE, [root, Simulation Sources, sim_1, top_level - Behavioral (top_level.vhd" value="3" type="GuiResourceData"/>
<property name="PAResourceEtoH.FileSetPanel_FILE_SET_PANEL_TREE, [root, Simulation Sources, sim_1], 4" value="1" type="GuiResourceData"/>
<property name="PAResourceEtoH.FileSetPanel_FILE_SET_PANEL_TREE, [root, Simulation Sources], 3" value="1" type="GuiResourceData"/>
<property name="PAResourceEtoH.FlowNavigatorTreePanel_FLOW_NAVIGATOR_TREE, [, Project Manager, Add Sources], 2, false" value="4" type="GuiResourceData"/>
<property name="PAResourceEtoH.FlowNavigatorTreePanel_FLOW_NAVIGATOR_TREE, [, Project Manager], 0, true" value="1" type="GuiResourceData"/>
<property name="PAResourceEtoH.FlowNavigatorTreePanel_FLOW_NAVIGATOR_TREE, [, RTL Analysis], 12, true" value="1" type="GuiResourceData"/>
<property name="PAResourceEtoH.FlowNavigatorTreePanel_FLOW_NAVIGATOR_TREE, [, Simulation, Run Simulation], 11, false" value="20" type="GuiResourceData"/>
<property name="PAResourceEtoH.FlowNavigatorTreePanel_FLOW_NAVIGATOR_TREE, [, Simulation], 9, true" value="1" type="GuiResourceData"/>
<property name="PAResourceItoN.MsgTreePanel_MESSAGE_VIEW_TREE, [, Analysis Results, sim_1, [HDL 9-806] Syntax error near " value="1" type="GuiResourceData"/>
<property name="PAResourceItoN.MsgTreePanel_MESSAGE_VIEW_TREE, [, Analysis Results, sim_1, [HDL 9-806] Syntax error near . [C:/Users/Familia/Documents/Leonardo/UnB/4 Semestre/Sistemas Digitais II - Teoria/Teste_6/teste_6/teste_6.srcs/sim_1/new/testbench_memory.vhd:83]. ], 2, false" value="1" type="GuiResourceData"/>
<property name="PAResourceItoN.MsgTreePanel_MESSAGE_VIEW_TREE, [, Vivado Commands, launch_simulation. , [USF-XSim 62] 'compile' step failed with error(s" value="1" type="GuiResourceData"/>
<property name="PAResourceQtoS.SimulationObjectsPanel_SIMULATION_OBJECTS_TREE_TABLE, [0][7:0] ; 00 ; Array, 17, [0][7:0], 0, true" value="8" type="GuiResourceData"/>
<property name="PAResourceQtoS.SimulationObjectsPanel_SIMULATION_OBJECTS_TREE_TABLE, [0][7:0] ; 10 ; Array, 17, [0][7:0], 0, true" value="3" type="GuiResourceData"/>
<property name="PAResourceQtoS.SimulationObjectsPanel_SIMULATION_OBJECTS_TREE_TABLE, [14][7:0] ; 00 ; Array, 9, [14][7:0], 0, true" value="1" type="GuiResourceData"/>
<property name="PAResourceQtoS.SimulationObjectsPanel_SIMULATION_OBJECTS_TREE_TABLE, [15][7:0] ; 00 ; Array, 8, [15][7:0], 0, true" value="7" type="GuiResourceData"/>
<property name="PAResourceQtoS.SimulationObjectsPanel_SIMULATION_OBJECTS_TREE_TABLE, [1][7:0] ; 00 ; Array, 16, [1][7:0], 0, true" value="3" type="GuiResourceData"/>
<property name="PAResourceQtoS.SimulationObjectsPanel_SIMULATION_OBJECTS_TREE_TABLE, [2][7:0] ; 00 ; Array, 15, [2][7:0], 0, true" value="6" type="GuiResourceData"/>
<property name="PAResourceQtoS.SimulationObjectsPanel_SIMULATION_OBJECTS_TREE_TABLE, [2][7:0] ; 0a ; Array, 15, [2][7:0], 0, true" value="1" type="GuiResourceData"/>
<property name="PAResourceQtoS.SimulationObjectsPanel_SIMULATION_OBJECTS_TREE_TABLE, [4] ; X ; Logic, 10, X, 1, false" value="1" type="GuiResourceData"/>
<property name="PAResourceQtoS.SimulationObjectsPanel_SIMULATION_OBJECTS_TREE_TABLE, [8][7:0] ; 00 ; Array, 9, [8][7:0], 0, true" value="6" type="GuiResourceData"/>
<property name="PAResourceQtoS.SimulationObjectsPanel_SIMULATION_OBJECTS_TREE_TABLE, addr[3:0] ; 0 ; Array, 1, addr[3:0], 0, true" value="4" type="GuiResourceData"/>
<property name="PAResourceQtoS.SimulationObjectsPanel_SIMULATION_OBJECTS_TREE_TABLE, cs ; 0 ; Logic, 4, cs, 0, false" value="4" type="GuiResourceData"/>
<property name="PAResourceQtoS.SimulationObjectsPanel_SIMULATION_OBJECTS_TREE_TABLE, current_state ; idle ; Enumeration, 6, current_state, 0, false" value="15" type="GuiResourceData"/>
<property name="PAResourceQtoS.SimulationObjectsPanel_SIMULATION_OBJECTS_TREE_TABLE, data_out[7:0] ; 00 ; Array, 6, data_out[7:0], 0, true" value="7" type="GuiResourceData"/>
<property name="PAResourceQtoS.SimulationObjectsPanel_SIMULATION_OBJECTS_TREE_TABLE, data_out[7:0] ; X0 ; Array, 6, data_out[7:0], 0, true" value="1" type="GuiResourceData"/>
<property name="PAResourceQtoS.SimulationObjectsPanel_SIMULATION_OBJECTS_TREE_TABLE, mem[15:0][7:0] ; 00,00,00,00,00,00,00,00,00,00,00,00,00,00,00,00 ; Array, 7, mem[15:0][7:0], 0, true" value="8" type="GuiResourceData"/>
<property name="PAResourceQtoS.SimulationObjectsPanel_SIMULATION_OBJECTS_TREE_TABLE, mem[15:0][7:0] ; 00,00,00,00,00,00,00,10,00,00,00,00,00,0a,00,10 ; Array, 7, mem[15:0][7:0], 0, true" value="1" type="GuiResourceData"/>
<property name="PAResourceQtoS.SimulationObjectsPanel_SIMULATION_OBJECTS_TREE_TABLE, oe_b ; 1 ; Logic, 4, oe_b, 0, false" value="15" type="GuiResourceData"/>
<property name="PAResourceQtoS.SimulationObjectsPanel_SIMULATION_OBJECTS_TREE_TABLE, oe_b ; 1 ; Logic, 5, oe_b, 0, false" value="6" type="GuiResourceData"/>
<property name="PAResourceQtoS.SimulationObjectsPanel_SIMULATION_OBJECTS_TREE_TABLE, rst ; 0 ; Logic, 3, rst, 0, false" value="1" type="GuiResourceData"/>
<property name="PAResourceQtoS.SimulationObjectsPanel_SIMULATION_OBJECTS_TREE_TABLE, rw ; 0 ; Logic, 2, rw, 0, false" value="2" type="GuiResourceData"/>
<property name="PAResourceQtoS.SimulationObjectsPanel_SIMULATION_OBJECTS_TREE_TABLE, we ; 0 ; Logic, 0, we, 0, false" value="4" type="GuiResourceData"/>
<property name="PAResourceQtoS.SimulationObjectsPanel_SIMULATION_OBJECTS_TREE_TABLE, we ; 0 ; Logic, 5" value="1" type="GuiResourceData"/>
<property name="PAResourceQtoS.SimulationObjectsPanel_SIMULATION_OBJECTS_TREE_TABLE, we ; 0 ; Logic, 5, we, 0, false" value="16" type="GuiResourceData"/>
<property name="PAResourceQtoS.SimulationScopesPanel_SIMULATION_SCOPES_TREE_TABLE, G1 ; controlador_fsm(Behavioral" value="8" type="GuiResourceData"/>
<property name="PAResourceQtoS.SimulationScopesPanel_SIMULATION_SCOPES_TREE_TABLE, G1 ; top_level(Behavioral" value="12" type="GuiResourceData"/>
<property name="PAResourceQtoS.SimulationScopesPanel_SIMULATION_SCOPES_TREE_TABLE, G2 ; ram_memory(Behavioral" value="6" type="GuiResourceData"/>
<property name="PAResourceQtoS.SrcChooserPanel_ADD_HDL_AND_NETLIST_FILES_TO_YOUR_PROJECT, Add Files" value="3" type="GuiResourceData"/>
<property name="PAResourceQtoS.SrcChooserPanel_CREATE_FILE, Create File" value="5" type="GuiResourceData"/>
<property name="PAResourceTtoZ.TaskBanner_CLOSE, (String" value="17" type="GuiResourceData"/>
<property name="RDIResource.BaseDialog_OK, OK" value="2" type="GuiResourceData"/>
<property name="RDIResource.GraphicalView_ZOOM_IN, Waveform Viewer_zoom_in" value="39" type="GuiResourceData"/>
<property name="RDIResource.GraphicalView_ZOOM_OUT, Waveform Viewer_zoom_out" value="176" type="GuiResourceData"/>
<property name="RDIResource.HCodeEditor_DIFF_WITH, Diff with" value="1" type="GuiResourceData"/>
<property name="RDIResource.ProgressDialog_CANCEL, Cancel" value="1" type="GuiResourceData"/>
<property name="RDIResource.RDIViews_WAVEFORM_VIEWER, 102, 262" value="1" type="GuiResourceData"/>
<property name="RDIResource.RDIViews_WAVEFORM_VIEWER, 119, 419" value="1" type="GuiResourceData"/>
<property name="RDIResource.RDIViews_WAVEFORM_VIEWER, 131, 172" value="1" type="GuiResourceData"/>
<property name="RDIResource.RDIViews_WAVEFORM_VIEWER, 139, 394" value="1" type="GuiResourceData"/>
<property name="RDIResource.RDIViews_WAVEFORM_VIEWER, 149, 218" value="1" type="GuiResourceData"/>
<property name="RDIResource.RDIViews_WAVEFORM_VIEWER, 154, 246" value="1" type="GuiResourceData"/>
<property name="RDIResource.RDIViews_WAVEFORM_VIEWER, 158, 314" value="1" type="GuiResourceData"/>
<property name="RDIResource.RDIViews_WAVEFORM_VIEWER, 165, 441" value="1" type="GuiResourceData"/>
<property name="RDIResource.RDIViews_WAVEFORM_VIEWER, 167, 455" value="1" type="GuiResourceData"/>
<property name="RDIResource.RDIViews_WAVEFORM_VIEWER, 173, 85" value="1" type="GuiResourceData"/>
<property name="RDIResource.RDIViews_WAVEFORM_VIEWER, 178, 429" value="1" type="GuiResourceData"/>
<property name="RDIResource.RDIViews_WAVEFORM_VIEWER, 180, 212" value="1" type="GuiResourceData"/>
<property name="RDIResource.RDIViews_WAVEFORM_VIEWER, 180, 299" value="1" type="GuiResourceData"/>
<property name="RDIResource.RDIViews_WAVEFORM_VIEWER, 182, 124" value="1" type="GuiResourceData"/>
<property name="RDIResource.RDIViews_WAVEFORM_VIEWER, 183, 356" value="1" type="GuiResourceData"/>
<property name="RDIResource.RDIViews_WAVEFORM_VIEWER, 183, 404" value="1" type="GuiResourceData"/>
<property name="RDIResource.RDIViews_WAVEFORM_VIEWER, 183, 425" value="1" type="GuiResourceData"/>
<property name="RDIResource.RDIViews_WAVEFORM_VIEWER, 189, 262" value="1" type="GuiResourceData"/>
<property name="RDIResource.RDIViews_WAVEFORM_VIEWER, 207, 436" value="1" type="GuiResourceData"/>
<property name="RDIResource.RDIViews_WAVEFORM_VIEWER, 209, 355" value="1" type="GuiResourceData"/>
<property name="RDIResource.RDIViews_WAVEFORM_VIEWER, 210, 221" value="1" type="GuiResourceData"/>
<property name="RDIResource.RDIViews_WAVEFORM_VIEWER, 211, 417" value="1" type="GuiResourceData"/>
<property name="RDIResource.RDIViews_WAVEFORM_VIEWER, 215, 445" value="1" type="GuiResourceData"/>
<property name="RDIResource.RDIViews_WAVEFORM_VIEWER, 216, 215" value="1" type="GuiResourceData"/>
<property name="RDIResource.RDIViews_WAVEFORM_VIEWER, 216, 497" value="1" type="GuiResourceData"/>
<property name="RDIResource.RDIViews_WAVEFORM_VIEWER, 222, 349" value="1" type="GuiResourceData"/>
<property name="RDIResource.RDIViews_WAVEFORM_VIEWER, 229, 543" value="1" type="GuiResourceData"/>
<property name="RDIResource.RDIViews_WAVEFORM_VIEWER, 229, 556" value="1" type="GuiResourceData"/>
<property name="RDIResource.RDIViews_WAVEFORM_VIEWER, 237, 381" value="1" type="GuiResourceData"/>
<property name="RDIResource.RDIViews_WAVEFORM_VIEWER, 247, 203" value="1" type="GuiResourceData"/>
<property name="RDIResource.RDIViews_WAVEFORM_VIEWER, 254, 372" value="1" type="GuiResourceData"/>
<property name="RDIResource.RDIViews_WAVEFORM_VIEWER, 256, 406" value="1" type="GuiResourceData"/>
<property name="RDIResource.RDIViews_WAVEFORM_VIEWER, 259, 370" value="1" type="GuiResourceData"/>
<property name="RDIResource.RDIViews_WAVEFORM_VIEWER, 269, 222" value="1" type="GuiResourceData"/>
<property name="RDIResource.RDIViews_WAVEFORM_VIEWER, 270, 388" value="1" type="GuiResourceData"/>
<property name="RDIResource.RDIViews_WAVEFORM_VIEWER, 274, 443" value="1" type="GuiResourceData"/>
<property name="RDIResource.RDIViews_WAVEFORM_VIEWER, 277, 341" value="1" type="GuiResourceData"/>
<property name="RDIResource.RDIViews_WAVEFORM_VIEWER, 294, 550" value="1" type="GuiResourceData"/>
<property name="RDIResource.RDIViews_WAVEFORM_VIEWER, 296, 300" value="1" type="GuiResourceData"/>
<property name="RDIResource.RDIViews_WAVEFORM_VIEWER, 304, 218" value="1" type="GuiResourceData"/>
<property name="RDIResource.RDIViews_WAVEFORM_VIEWER, 307, 364" value="1" type="GuiResourceData"/>
<property name="RDIResource.RDIViews_WAVEFORM_VIEWER, 307, 381" value="1" type="GuiResourceData"/>
<property name="RDIResource.RDIViews_WAVEFORM_VIEWER, 309, 355" value="1" type="GuiResourceData"/>
<property name="RDIResource.RDIViews_WAVEFORM_VIEWER, 315, 241" value="1" type="GuiResourceData"/>
<property name="RDIResource.RDIViews_WAVEFORM_VIEWER, 315, 409" value="1" type="GuiResourceData"/>
<property name="RDIResource.RDIViews_WAVEFORM_VIEWER, 320, 268" value="1" type="GuiResourceData"/>
<property name="RDIResource.RDIViews_WAVEFORM_VIEWER, 328, 415" value="1" type="GuiResourceData"/>
<property name="RDIResource.RDIViews_WAVEFORM_VIEWER, 333, 264" value="1" type="GuiResourceData"/>
<property name="RDIResource.RDIViews_WAVEFORM_VIEWER, 333, 461" value="1" type="GuiResourceData"/>
<property name="RDIResource.RDIViews_WAVEFORM_VIEWER, 334, 366" value="1" type="GuiResourceData"/>
<property name="RDIResource.RDIViews_WAVEFORM_VIEWER, 337, 367" value="1" type="GuiResourceData"/>
<property name="RDIResource.RDIViews_WAVEFORM_VIEWER, 340, 364" value="1" type="GuiResourceData"/>
<property name="RDIResource.RDIViews_WAVEFORM_VIEWER, 340, 419" value="1" type="GuiResourceData"/>
<property name="RDIResource.RDIViews_WAVEFORM_VIEWER, 346, 346" value="1" type="GuiResourceData"/>
<property name="RDIResource.RDIViews_WAVEFORM_VIEWER, 35, 219" value="1" type="GuiResourceData"/>
<property name="RDIResource.RDIViews_WAVEFORM_VIEWER, 351, 383" value="1" type="GuiResourceData"/>
<property name="RDIResource.RDIViews_WAVEFORM_VIEWER, 358, 306" value="1" type="GuiResourceData"/>
<property name="RDIResource.RDIViews_WAVEFORM_VIEWER, 370, 401" value="1" type="GuiResourceData"/>
<property name="RDIResource.RDIViews_WAVEFORM_VIEWER, 372, 456" value="1" type="GuiResourceData"/>
<property name="RDIResource.RDIViews_WAVEFORM_VIEWER, 379, 295" value="1" type="GuiResourceData"/>
<property name="RDIResource.RDIViews_WAVEFORM_VIEWER, 38, 183" value="1" type="GuiResourceData"/>
<property name="RDIResource.RDIViews_WAVEFORM_VIEWER, 380, 372" value="1" type="GuiResourceData"/>
<property name="RDIResource.RDIViews_WAVEFORM_VIEWER, 387, 543" value="1" type="GuiResourceData"/>
<property name="RDIResource.RDIViews_WAVEFORM_VIEWER, 396, 456" value="1" type="GuiResourceData"/>
<property name="RDIResource.RDIViews_WAVEFORM_VIEWER, 399, 524" value="1" type="GuiResourceData"/>
<property name="RDIResource.RDIViews_WAVEFORM_VIEWER, 403, 353" value="1" type="GuiResourceData"/>
<property name="RDIResource.RDIViews_WAVEFORM_VIEWER, 408, 360" value="1" type="GuiResourceData"/>
<property name="RDIResource.RDIViews_WAVEFORM_VIEWER, 422, 508" value="1" type="GuiResourceData"/>
<property name="RDIResource.RDIViews_WAVEFORM_VIEWER, 424, 392" value="1" type="GuiResourceData"/>
<property name="RDIResource.RDIViews_WAVEFORM_VIEWER, 428, 465" value="1" type="GuiResourceData"/>
<property name="RDIResource.RDIViews_WAVEFORM_VIEWER, 439, 385" value="1" type="GuiResourceData"/>
<property name="RDIResource.RDIViews_WAVEFORM_VIEWER, 509, 549" value="1" type="GuiResourceData"/>
<property name="RDIResource.RDIViews_WAVEFORM_VIEWER, 531, 369" value="1" type="GuiResourceData"/>
<property name="RDIResource.RDIViews_WAVEFORM_VIEWER, 539, 559" value="1" type="GuiResourceData"/>
<property name="RDIResource.RDIViews_WAVEFORM_VIEWER, 545, 346" value="1" type="GuiResourceData"/>
<property name="RDIResource.RDIViews_WAVEFORM_VIEWER, 545, 496" value="1" type="GuiResourceData"/>
<property name="RDIResource.RDIViews_WAVEFORM_VIEWER, 549, 505" value="1" type="GuiResourceData"/>
<property name="RDIResource.RDIViews_WAVEFORM_VIEWER, 562, 453" value="1" type="GuiResourceData"/>
<property name="RDIResource.RDIViews_WAVEFORM_VIEWER, 570, 328" value="1" type="GuiResourceData"/>
<property name="RDIResource.RDIViews_WAVEFORM_VIEWER, 571, 552" value="1" type="GuiResourceData"/>
<property name="RDIResource.RDIViews_WAVEFORM_VIEWER, 573, 24" value="1" type="GuiResourceData"/>
<property name="RDIResource.RDIViews_WAVEFORM_VIEWER, 59, 197" value="1" type="GuiResourceData"/>
<property name="RDIResource.RDIViews_WAVEFORM_VIEWER, 633, 473" value="1" type="GuiResourceData"/>
<property name="RDIResource.RDIViews_WAVEFORM_VIEWER, 66, 218" value="1" type="GuiResourceData"/>
<property name="RDIResource.RDIViews_WAVEFORM_VIEWER, 660, 209" value="1" type="GuiResourceData"/>
<property name="RDIResource.RDIViews_WAVEFORM_VIEWER, 74, 268" value="1" type="GuiResourceData"/>
<property name="RDIResource.RDIViews_WAVEFORM_VIEWER, 86, 267" value="1" type="GuiResourceData"/>
<property name="RDIResource.RDIViews_WAVEFORM_VIEWER, Untitled 1*" value="1" type="GuiResourceData"/>
<property name="RDIResource.RDIViews_WAVEFORM_VIEWER, Untitled 14" value="1" type="GuiResourceData"/>
<property name="RDIResource.RDIViews_WAVEFORM_VIEWER, Untitled 15*" value="1" type="GuiResourceData"/>
<property name="RDIResource.RDIViews_WAVEFORM_VIEWER, Untitled 16" value="1" type="GuiResourceData"/>
<property name="RDIResource.RDIViews_WAVEFORM_VIEWER, Untitled 17" value="1" type="GuiResourceData"/>
<property name="RDIResource.RDIViews_WAVEFORM_VIEWER, Untitled 3*" value="1" type="GuiResourceData"/>
<property name="RDIResource.RDIViews_WAVEFORM_VIEWER, Untitled 6*" value="1" type="GuiResourceData"/>
<property name="RDIResource.RDIViews_WAVEFORM_VIEWER, Untitled 9*" value="1" type="GuiResourceData"/>
<property name="RDIResource.TclConsoleView_TCL_CONSOLE_CODE_EDITOR, 244, 125" value="1" type="GuiResourceData"/>
<property name="RDIResource.TclConsoleView_TCL_CONSOLE_CODE_EDITOR, 244, 125, false, false, false, false, true" value="1" type="GuiResourceData"/>
<property name="RDIResource.TclConsoleView_TCL_CONSOLE_CODE_EDITOR, 336, 99" value="1" type="GuiResourceData"/>
<property name="RDIResource.TclConsoleView_TCL_CONSOLE_CODE_EDITOR, 369, 116" value="1" type="GuiResourceData"/>
<property name="RDIResource.TclConsoleView_TCL_CONSOLE_CODE_EDITOR, 405, 99" value="1" type="GuiResourceData"/>
<property name="RDIResource.TclConsoleView_TCL_CONSOLE_CODE_EDITOR, 405, 99, false, false, false, false, true" value="1" type="GuiResourceData"/>
<property name="RDIResource.WaveformNameTree_WAVEFORM_NAME_TREE, [true, [0][7:0], [0]], 16, false" value="1" type="GuiResourceData"/>
<property name="RDIResource.WaveformNameTree_WAVEFORM_NAME_TREE, [true, [0][7:0], [1]], 15, false" value="1" type="GuiResourceData"/>
<property name="RDIResource.WaveformNameTree_WAVEFORM_NAME_TREE, [true, [0][7:0], [2]], 14, false" value="1" type="GuiResourceData"/>
<property name="RDIResource.WaveformNameTree_WAVEFORM_NAME_TREE, [true, [0][7:0], [3]], 13, false" value="1" type="GuiResourceData"/>
<property name="RDIResource.WaveformNameTree_WAVEFORM_NAME_TREE, [true, [0][7:0], [4]], 12, false" value="1" type="GuiResourceData"/>
<property name="RDIResource.WaveformNameTree_WAVEFORM_NAME_TREE, [true, [0][7:0]], 14" value="2" type="GuiResourceData"/>
<property name="RDIResource.WaveformNameTree_WAVEFORM_NAME_TREE, [true, [0][7:0]], 8" value="2" type="GuiResourceData"/>
<property name="RDIResource.WaveformNameTree_WAVEFORM_NAME_TREE, [true, [0][7:0]], 9, true" value="1" type="GuiResourceData"/>
<property name="RDIResource.WaveformNameTree_WAVEFORM_NAME_TREE, [true, [2][7:0]], 10" value="1" type="GuiResourceData"/>
<property name="RDIResource.WaveformNameTree_WAVEFORM_NAME_TREE, [true, [2][7:0]], 15" value="1" type="GuiResourceData"/>
<property name="RDIResource.WaveformNameTree_WAVEFORM_NAME_TREE, [true, [2][7:0]], 9" value="2" type="GuiResourceData"/>
<property name="RDIResource.WaveformNameTree_WAVEFORM_NAME_TREE, [true, [8][7:0]], 8, true" value="1" type="GuiResourceData"/>
<property name="RDIResource.WaveformNameTree_WAVEFORM_NAME_TREE, [true, addr[3:0], [1]], 9, false" value="1" type="GuiResourceData"/>
<property name="RDIResource.WaveformNameTree_WAVEFORM_NAME_TREE, [true, addr[3:0], [2]], 8, false" value="1" type="GuiResourceData"/>
<property name="RDIResource.WaveformNameTree_WAVEFORM_NAME_TREE, [true, addr[3:0], [3]], 7, false" value="1" type="GuiResourceData"/>
<property name="RDIResource.WaveformNameTree_WAVEFORM_NAME_TREE, [true, addr[3:0]], 6" value="2" type="GuiResourceData"/>
<property name="RDIResource.WaveformNameTree_WAVEFORM_NAME_TREE, [true, cs], 6, false" value="2" type="GuiResourceData"/>
<property name="RDIResource.WaveformNameTree_WAVEFORM_NAME_TREE, [true, data_out[7:0], [0]], 16, false" value="2" type="GuiResourceData"/>
<property name="RDIResource.WaveformNameTree_WAVEFORM_NAME_TREE, [true, data_out[7:0], [1]], 15, false" value="2" type="GuiResourceData"/>
<property name="RDIResource.WaveformNameTree_WAVEFORM_NAME_TREE, [true, data_out[7:0], [2]], 14, false" value="2" type="GuiResourceData"/>
<property name="RDIResource.WaveformNameTree_WAVEFORM_NAME_TREE, [true, data_out[7:0], [4]], 12, false" value="1" type="GuiResourceData"/>
<property name="RDIResource.WaveformNameTree_WAVEFORM_NAME_TREE, [true, data_out[7:0]], 7" value="8" type="GuiResourceData"/>
<property name="RDIResource.WaveformNameTree_WAVEFORM_NAME_TREE, [true, data_out[7:0]], 7, true" value="2" type="GuiResourceData"/>
<property name="RDIResource.WaveformNameTree_WAVEFORM_NAME_TREE, [true, data_out[7:0]], 8" value="8" type="GuiResourceData"/>
<property name="RDIResource.WaveformNameTree_WAVEFORM_NAME_TREE, [true, data_out[7:0]], 8, true" value="1" type="GuiResourceData"/>
<property name="RDIResource.WaveformNameTree_WAVEFORM_NAME_TREE, [true, oe_b], 12, false" value="1" type="GuiResourceData"/>
<property name="RDIResource.WaveformNameTree_WAVEFORM_NAME_TREE, [true, oe_b], 9, false" value="1" type="GuiResourceData"/>
<property name="RDIResource.WaveformNameTree_WAVEFORM_NAME_TREE, [true, rw], 8, false" value="1" type="GuiResourceData"/>
<property name="RDIResource.WaveformNameTree_WAVEFORM_NAME_TREE, [true, rw], 8, false, false, false, false, true, false" value="1" type="GuiResourceData"/>
<property name="RDIResource.WaveformNameTree_WAVEFORM_NAME_TREE, [true, we], 8, false" value="1" type="GuiResourceData"/>
<property name="controlador_fsm.vhd, 112, 232" value="1" type="GuiResourceData"/>
<property name="controlador_fsm.vhd, 127, 128" value="1" type="GuiResourceData"/>
<property name="controlador_fsm.vhd, 213, 131" value="1" type="GuiResourceData"/>
<property name="ram_memory.vhd, 0, 417" value="1" type="GuiResourceData"/>
<property name="ram_memory.vhd, 101, 442" value="1" type="GuiResourceData"/>
<property name="ram_memory.vhd, 101, 48" value="1" type="GuiResourceData"/>
<property name="ram_memory.vhd, 101, 48, false, false, false, false, true" value="1" type="GuiResourceData"/>
<property name="ram_memory.vhd, 105, 432" value="2" type="GuiResourceData"/>
<property name="ram_memory.vhd, 105, 432, false, false, false, false, true" value="1" type="GuiResourceData"/>
<property name="ram_memory.vhd, 108, 354" value="1" type="GuiResourceData"/>
<property name="ram_memory.vhd, 108, 354, false, false, false, false, true" value="1" type="GuiResourceData"/>
<property name="ram_memory.vhd, 112, 250" value="1" type="GuiResourceData"/>
<property name="ram_memory.vhd, 117, 307" value="1" type="GuiResourceData"/>
<property name="ram_memory.vhd, 118, 437" value="1" type="GuiResourceData"/>
<property name="ram_memory.vhd, 118, 437, false, false, false, false, true" value="1" type="GuiResourceData"/>
<property name="ram_memory.vhd, 122, 432" value="1" type="GuiResourceData"/>
<property name="ram_memory.vhd, 122, 432, false, false, false, false, true" value="1" type="GuiResourceData"/>
<property name="ram_memory.vhd, 124, 452" value="1" type="GuiResourceData"/>
<property name="ram_memory.vhd, 126, 390" value="1" type="GuiResourceData"/>
<property name="ram_memory.vhd, 126, 390, false, false, false, false, true" value="1" type="GuiResourceData"/>
<property name="ram_memory.vhd, 127, 130" value="2" type="GuiResourceData"/>
<property name="ram_memory.vhd, 127, 130, false, false, false, false, true" value="1" type="GuiResourceData"/>
<property name="ram_memory.vhd, 128, 430" value="1" type="GuiResourceData"/>
<property name="ram_memory.vhd, 130, 431" value="1" type="GuiResourceData"/>
<property name="ram_memory.vhd, 130, 431, false, false, false, false, true" value="1" type="GuiResourceData"/>
<property name="ram_memory.vhd, 130, 434" value="1" type="GuiResourceData"/>
<property name="ram_memory.vhd, 134, 163" value="2" type="GuiResourceData"/>
<property name="ram_memory.vhd, 134, 163, false, false, false, false, true" value="1" type="GuiResourceData"/>
<property name="ram_memory.vhd, 135, 442" value="1" type="GuiResourceData"/>
<property name="ram_memory.vhd, 135, 442, false, false, false, false, true" value="1" type="GuiResourceData"/>
<property name="ram_memory.vhd, 138, 130" value="1" type="GuiResourceData"/>
<property name="ram_memory.vhd, 138, 130, false, false, false, false, true" value="1" type="GuiResourceData"/>
<property name="ram_memory.vhd, 138, 432" value="1" type="GuiResourceData"/>
<property name="ram_memory.vhd, 141, 350" value="1" type="GuiResourceData"/>
<property name="ram_memory.vhd, 141, 350, false, false, false, false, true" value="1" type="GuiResourceData"/>
<property name="ram_memory.vhd, 142, 387" value="1" type="GuiResourceData"/>
<property name="ram_memory.vhd, 142, 387, false, false, false, false, true" value="1" type="GuiResourceData"/>
<property name="ram_memory.vhd, 145, 457" value="1" type="GuiResourceData"/>
<property name="ram_memory.vhd, 146, 324" value="1" type="GuiResourceData"/>
<property name="ram_memory.vhd, 146, 433" value="1" type="GuiResourceData"/>
<property name="ram_memory.vhd, 147, 249" value="1" type="GuiResourceData"/>
<property name="ram_memory.vhd, 147, 323, false, false, false, false, true" value="1" type="GuiResourceData"/>
<property name="ram_memory.vhd, 147, 327" value="1" type="GuiResourceData"/>
<property name="ram_memory.vhd, 147, 327, false, false, false, false, true" value="1" type="GuiResourceData"/>
<property name="ram_memory.vhd, 147, 433, false, false, false, false, true" value="1" type="GuiResourceData"/>
<property name="ram_memory.vhd, 151, 297" value="1" type="GuiResourceData"/>
<property name="ram_memory.vhd, 151, 297, false, false, false, false, true" value="1" type="GuiResourceData"/>
<property name="ram_memory.vhd, 151, 302" value="1" type="GuiResourceData"/>
<property name="ram_memory.vhd, 151, 302, false, false, false, false, true" value="1" type="GuiResourceData"/>
<property name="ram_memory.vhd, 151, 454" value="1" type="GuiResourceData"/>
<property name="ram_memory.vhd, 152, 419" value="1" type="GuiResourceData"/>
<property name="ram_memory.vhd, 152, 427" value="1" type="GuiResourceData"/>
<property name="ram_memory.vhd, 155, 418" value="1" type="GuiResourceData"/>
<property name="ram_memory.vhd, 155, 418, false, false, false, false, true" value="1" type="GuiResourceData"/>
<property name="ram_memory.vhd, 158, 132" value="1" type="GuiResourceData"/>
<property name="ram_memory.vhd, 158, 132, false, false, false, false, true" value="1" type="GuiResourceData"/>
<property name="ram_memory.vhd, 158, 163" value="1" type="GuiResourceData"/>
<property name="ram_memory.vhd, 158, 163, false, false, false, false, true" value="1" type="GuiResourceData"/>
<property name="ram_memory.vhd, 162, 335" value="1" type="GuiResourceData"/>
<property name="ram_memory.vhd, 162, 335, false, false, false, false, true" value="1" type="GuiResourceData"/>
<property name="ram_memory.vhd, 162, 413" value="1" type="GuiResourceData"/>
<property name="ram_memory.vhd, 162, 413, false, false, false, false, true" value="1" type="GuiResourceData"/>
<property name="ram_memory.vhd, 164, 118" value="1" type="GuiResourceData"/>
<property name="ram_memory.vhd, 164, 118, false, false, false, false, true" value="1" type="GuiResourceData"/>
<property name="ram_memory.vhd, 164, 318" value="1" type="GuiResourceData"/>
<property name="ram_memory.vhd, 164, 318, false, false, false, false, true" value="1" type="GuiResourceData"/>
<property name="ram_memory.vhd, 165, 282" value="1" type="GuiResourceData"/>
<property name="ram_memory.vhd, 166, 340" value="1" type="GuiResourceData"/>
<property name="ram_memory.vhd, 166, 340, false, false, false, false, true" value="1" type="GuiResourceData"/>
<property name="ram_memory.vhd, 168, 161" value="1" type="GuiResourceData"/>
<property name="ram_memory.vhd, 168, 168" value="1" type="GuiResourceData"/>
<property name="ram_memory.vhd, 168, 168, false, false, false, false, true" value="1" type="GuiResourceData"/>
<property name="ram_memory.vhd, 169, 351" value="1" type="GuiResourceData"/>
<property name="ram_memory.vhd, 169, 351, false, false, false, false, true" value="1" type="GuiResourceData"/>
<property name="ram_memory.vhd, 170, 162" value="2" type="GuiResourceData"/>
<property name="ram_memory.vhd, 170, 162, false, false, false, false, true" value="1" type="GuiResourceData"/>
<property name="ram_memory.vhd, 173, 67" value="1" type="GuiResourceData"/>
<property name="ram_memory.vhd, 175, 426" value="1" type="GuiResourceData"/>
<property name="ram_memory.vhd, 175, 426, false, false, false, false, true" value="1" type="GuiResourceData"/>
<property name="ram_memory.vhd, 178, 160" value="1" type="GuiResourceData"/>
<property name="ram_memory.vhd, 179, 334" value="1" type="GuiResourceData"/>
<property name="ram_memory.vhd, 179, 443" value="1" type="GuiResourceData"/>
<property name="ram_memory.vhd, 180, 434" value="1" type="GuiResourceData"/>
<property name="ram_memory.vhd, 195, 320" value="1" type="GuiResourceData"/>
<property name="ram_memory.vhd, 196, 320" value="1" type="GuiResourceData"/>
<property name="ram_memory.vhd, 196, 320, false, false, false, false, true" value="1" type="GuiResourceData"/>
<property name="ram_memory.vhd, 198, 334" value="1" type="GuiResourceData"/>
<property name="ram_memory.vhd, 199, 231" value="1" type="GuiResourceData"/>
<property name="ram_memory.vhd, 199, 231, false, false, false, false, true" value="1" type="GuiResourceData"/>
<property name="ram_memory.vhd, 200, 438" value="1" type="GuiResourceData"/>
<property name="ram_memory.vhd, 200, 438, false, false, false, false, true" value="1" type="GuiResourceData"/>
<property name="ram_memory.vhd, 202, 444" value="1" type="GuiResourceData"/>
<property name="ram_memory.vhd, 203, 284" value="1" type="GuiResourceData"/>
<property name="ram_memory.vhd, 205, 319" value="1" type="GuiResourceData"/>
<property name="ram_memory.vhd, 205, 319, false, false, false, false, true" value="1" type="GuiResourceData"/>
<property name="ram_memory.vhd, 205, 331" value="1" type="GuiResourceData"/>
<property name="ram_memory.vhd, 205, 331, false, false, false, false, true" value="1" type="GuiResourceData"/>
<property name="ram_memory.vhd, 208, 322" value="1" type="GuiResourceData"/>
<property name="ram_memory.vhd, 209, 467" value="1" type="GuiResourceData"/>
<property name="ram_memory.vhd, 219, 466" value="1" type="GuiResourceData"/>
<property name="ram_memory.vhd, 221, 231" value="1" type="GuiResourceData"/>
<property name="ram_memory.vhd, 221, 231, false, false, false, false, true" value="1" type="GuiResourceData"/>
<property name="ram_memory.vhd, 221, 326" value="1" type="GuiResourceData"/>
<property name="ram_memory.vhd, 221, 326, false, false, false, false, true" value="1" type="GuiResourceData"/>
<property name="ram_memory.vhd, 221, 334" value="1" type="GuiResourceData"/>
<property name="ram_memory.vhd, 221, 334, false, false, false, false, true" value="1" type="GuiResourceData"/>
<property name="ram_memory.vhd, 221, 412" value="1" type="GuiResourceData"/>
<property name="ram_memory.vhd, 221, 412, false, false, false, false, true" value="1" type="GuiResourceData"/>
<property name="ram_memory.vhd, 222, 226" value="1" type="GuiResourceData"/>
<property name="ram_memory.vhd, 222, 227, false, false, false, false, true" value="1" type="GuiResourceData"/>
<property name="ram_memory.vhd, 223, 313" value="1" type="GuiResourceData"/>
<property name="ram_memory.vhd, 223, 313, false, false, false, false, true" value="1" type="GuiResourceData"/>
<property name="ram_memory.vhd, 226, 379" value="1" type="GuiResourceData"/>
<property name="ram_memory.vhd, 228, 300" value="1" type="GuiResourceData"/>
<property name="ram_memory.vhd, 228, 300, false, false, false, false, true" value="1" type="GuiResourceData"/>
<property name="ram_memory.vhd, 229, 467" value="1" type="GuiResourceData"/>
<property name="ram_memory.vhd, 231, 319" value="1" type="GuiResourceData"/>
<property name="ram_memory.vhd, 231, 319, false, false, false, false, true" value="1" type="GuiResourceData"/>
<property name="ram_memory.vhd, 231, 390" value="1" type="GuiResourceData"/>
<property name="ram_memory.vhd, 231, 416" value="1" type="GuiResourceData"/>
<property name="ram_memory.vhd, 231, 416, false, false, false, false, true" value="1" type="GuiResourceData"/>
<property name="ram_memory.vhd, 231, 421" value="1" type="GuiResourceData"/>
<property name="ram_memory.vhd, 237, 317, false, false, false, false, true" value="1" type="GuiResourceData"/>
<property name="ram_memory.vhd, 238, 317" value="1" type="GuiResourceData"/>
<property name="ram_memory.vhd, 238, 436" value="1" type="GuiResourceData"/>
<property name="ram_memory.vhd, 238, 436, false, false, false, false, true" value="1" type="GuiResourceData"/>
<property name="ram_memory.vhd, 239, 441" value="1" type="GuiResourceData"/>
<property name="ram_memory.vhd, 241, 435" value="1" type="GuiResourceData"/>
<property name="ram_memory.vhd, 241, 435, false, false, false, false, true" value="1" type="GuiResourceData"/>
<property name="ram_memory.vhd, 243, 233" value="1" type="GuiResourceData"/>
<property name="ram_memory.vhd, 243, 233, false, false, false, false, true" value="1" type="GuiResourceData"/>
<property name="ram_memory.vhd, 243, 436" value="1" type="GuiResourceData"/>
<property name="ram_memory.vhd, 243, 436, false, false, false, false, true" value="1" type="GuiResourceData"/>
<property name="ram_memory.vhd, 244, 230" value="1" type="GuiResourceData"/>
<property name="ram_memory.vhd, 244, 245" value="1" type="GuiResourceData"/>
<property name="ram_memory.vhd, 244, 315" value="1" type="GuiResourceData"/>
<property name="ram_memory.vhd, 244, 315, false, false, false, false, true" value="1" type="GuiResourceData"/>
<property name="ram_memory.vhd, 247, 77" value="1" type="GuiResourceData"/>
<property name="ram_memory.vhd, 249, 330" value="1" type="GuiResourceData"/>
<property name="ram_memory.vhd, 249, 330, false, false, false, false, true" value="1" type="GuiResourceData"/>
<property name="ram_memory.vhd, 250, 78" value="1" type="GuiResourceData"/>
<property name="ram_memory.vhd, 251, 322" value="1" type="GuiResourceData"/>
<property name="ram_memory.vhd, 251, 322, false, false, false, false, true" value="1" type="GuiResourceData"/>
<property name="ram_memory.vhd, 253, 242" value="1" type="GuiResourceData"/>
<property name="ram_memory.vhd, 253, 368" value="1" type="GuiResourceData"/>
<property name="ram_memory.vhd, 253, 368, false, false, false, false, true" value="1" type="GuiResourceData"/>
<property name="ram_memory.vhd, 254, 324" value="1" type="GuiResourceData"/>
<property name="ram_memory.vhd, 254, 324, false, false, false, false, true" value="1" type="GuiResourceData"/>
<property name="ram_memory.vhd, 254, 453" value="1" type="GuiResourceData"/>
<property name="ram_memory.vhd, 255, 384" value="1" type="GuiResourceData"/>
<property name="ram_memory.vhd, 256, 238" value="1" type="GuiResourceData"/>
<property name="ram_memory.vhd, 257, 233" value="1" type="GuiResourceData"/>
<property name="ram_memory.vhd, 257, 233, false, false, false, false, true" value="1" type="GuiResourceData"/>
<property name="ram_memory.vhd, 258, 435" value="1" type="GuiResourceData"/>
<property name="ram_memory.vhd, 258, 435, false, false, false, false, true" value="1" type="GuiResourceData"/>
<property name="ram_memory.vhd, 261, 418" value="1" type="GuiResourceData"/>
<property name="ram_memory.vhd, 264, 348" value="1" type="GuiResourceData"/>
<property name="ram_memory.vhd, 265, 423" value="1" type="GuiResourceData"/>
<property name="ram_memory.vhd, 266, 342" value="1" type="GuiResourceData"/>
<property name="ram_memory.vhd, 267, 305" value="1" type="GuiResourceData"/>
<property name="ram_memory.vhd, 267, 305, false, false, false, false, true" value="1" type="GuiResourceData"/>
<property name="ram_memory.vhd, 269, 435" value="2" type="GuiResourceData"/>
<property name="ram_memory.vhd, 269, 435, false, false, false, false, true" value="1" type="GuiResourceData"/>
<property name="ram_memory.vhd, 269, 438" value="2" type="GuiResourceData"/>
<property name="ram_memory.vhd, 269, 438, false, false, false, false, true" value="1" type="GuiResourceData"/>
<property name="ram_memory.vhd, 269, 447" value="2" type="GuiResourceData"/>
<property name="ram_memory.vhd, 270, 263" value="1" type="GuiResourceData"/>
<property name="ram_memory.vhd, 271, 337" value="1" type="GuiResourceData"/>
<property name="ram_memory.vhd, 271, 337, false, false, false, false, true" value="1" type="GuiResourceData"/>
<property name="ram_memory.vhd, 272, 337" value="1" type="GuiResourceData"/>
<property name="ram_memory.vhd, 272, 337, false, false, false, false, true" value="1" type="GuiResourceData"/>
<property name="ram_memory.vhd, 272, 338" value="1" type="GuiResourceData"/>
<property name="ram_memory.vhd, 272, 338, false, false, false, false, true" value="1" type="GuiResourceData"/>
<property name="ram_memory.vhd, 274, 205" value="1" type="GuiResourceData"/>
<property name="ram_memory.vhd, 274, 353" value="1" type="GuiResourceData"/>
<property name="ram_memory.vhd, 278, 147" value="1" type="GuiResourceData"/>
<property name="ram_memory.vhd, 278, 312" value="1" type="GuiResourceData"/>
<property name="ram_memory.vhd, 278, 312, false, false, false, false, true" value="1" type="GuiResourceData"/>
<property name="ram_memory.vhd, 278, 364" value="1" type="GuiResourceData"/>
<property name="ram_memory.vhd, 280, 313" value="1" type="GuiResourceData"/>
<property name="ram_memory.vhd, 280, 313, false, false, false, false, true" value="1" type="GuiResourceData"/>
<property name="ram_memory.vhd, 281, 317" value="1" type="GuiResourceData"/>
<property name="ram_memory.vhd, 281, 317, false, false, false, false, true" value="1" type="GuiResourceData"/>
<property name="ram_memory.vhd, 281, 335" value="1" type="GuiResourceData"/>
<property name="ram_memory.vhd, 281, 335, false, false, false, false, true" value="1" type="GuiResourceData"/>
<property name="ram_memory.vhd, 284, 346" value="1" type="GuiResourceData"/>
<property name="ram_memory.vhd, 284, 346, false, false, false, false, true" value="1" type="GuiResourceData"/>
<property name="ram_memory.vhd, 285, 351" value="1" type="GuiResourceData"/>
<property name="ram_memory.vhd, 285, 351, false, false, false, false, true" value="1" type="GuiResourceData"/>
<property name="ram_memory.vhd, 286, 317" value="1" type="GuiResourceData"/>
<property name="ram_memory.vhd, 286, 317, false, false, false, false, true" value="1" type="GuiResourceData"/>
<property name="ram_memory.vhd, 289, 311" value="1" type="GuiResourceData"/>
<property name="ram_memory.vhd, 300, 333" value="1" type="GuiResourceData"/>
<property name="ram_memory.vhd, 300, 454" value="1" type="GuiResourceData"/>
<property name="ram_memory.vhd, 301, 436" value="1" type="GuiResourceData"/>
<property name="ram_memory.vhd, 303, 437, false, false, false, false, true" value="1" type="GuiResourceData"/>
<property name="ram_memory.vhd, 306, 371" value="1" type="GuiResourceData"/>
<property name="ram_memory.vhd, 306, 371, false, false, false, false, true" value="1" type="GuiResourceData"/>
<property name="ram_memory.vhd, 308, 300" value="1" type="GuiResourceData"/>
<property name="ram_memory.vhd, 308, 300, false, false, false, false, true" value="1" type="GuiResourceData"/>
<property name="ram_memory.vhd, 308, 384" value="1" type="GuiResourceData"/>
<property name="ram_memory.vhd, 312, 301" value="1" type="GuiResourceData"/>
<property name="ram_memory.vhd, 312, 301, false, false, false, false, true" value="1" type="GuiResourceData"/>
<property name="ram_memory.vhd, 319, 431" value="1" type="GuiResourceData"/>
<property name="ram_memory.vhd, 320, 439" value="1" type="GuiResourceData"/>
<property name="ram_memory.vhd, 327, 379" value="1" type="GuiResourceData"/>
<property name="ram_memory.vhd, 328, 435" value="1" type="GuiResourceData"/>
<property name="ram_memory.vhd, 328, 435, false, false, false, false, true" value="1" type="GuiResourceData"/>
<property name="ram_memory.vhd, 328, 438" value="1" type="GuiResourceData"/>
<property name="ram_memory.vhd, 328, 439, false, false, false, false, true" value="1" type="GuiResourceData"/>
<property name="ram_memory.vhd, 332, 320" value="1" type="GuiResourceData"/>
<property name="ram_memory.vhd, 332, 320, false, false, false, false, true" value="1" type="GuiResourceData"/>
<property name="ram_memory.vhd, 333, 415" value="1" type="GuiResourceData"/>
<property name="ram_memory.vhd, 333, 415, false, false, false, false, true" value="1" type="GuiResourceData"/>
<property name="ram_memory.vhd, 335, 224" value="1" type="GuiResourceData"/>
<property name="ram_memory.vhd, 337, 310" value="1" type="GuiResourceData"/>
<property name="ram_memory.vhd, 342, 356" value="1" type="GuiResourceData"/>
<property name="ram_memory.vhd, 343, 195" value="1" type="GuiResourceData"/>
<property name="ram_memory.vhd, 343, 223" value="1" type="GuiResourceData"/>
<property name="ram_memory.vhd, 348, 269" value="1" type="GuiResourceData"/>
<property name="ram_memory.vhd, 348, 297" value="1" type="GuiResourceData"/>
<property name="ram_memory.vhd, 348, 297, false, false, false, false, true" value="1" type="GuiResourceData"/>
<property name="ram_memory.vhd, 349, 335" value="1" type="GuiResourceData"/>
<property name="ram_memory.vhd, 349, 335, false, false, false, false, true" value="1" type="GuiResourceData"/>
<property name="ram_memory.vhd, 350, 242" value="1" type="GuiResourceData"/>
<property name="ram_memory.vhd, 351, 112" value="1" type="GuiResourceData"/>
<property name="ram_memory.vhd, 351, 77" value="1" type="GuiResourceData"/>
<property name="ram_memory.vhd, 355, 322" value="1" type="GuiResourceData"/>
<property name="ram_memory.vhd, 355, 322, false, false, false, false, true" value="1" type="GuiResourceData"/>
<property name="ram_memory.vhd, 357, 337" value="1" type="GuiResourceData"/>
<property name="ram_memory.vhd, 357, 337, false, false, false, false, true" value="1" type="GuiResourceData"/>
<property name="ram_memory.vhd, 361, 168" value="1" type="GuiResourceData"/>
<property name="ram_memory.vhd, 362, 302" value="1" type="GuiResourceData"/>
<property name="ram_memory.vhd, 364, 97" value="1" type="GuiResourceData"/>
<property name="ram_memory.vhd, 365, 250" value="1" type="GuiResourceData"/>
<property name="ram_memory.vhd, 365, 433" value="1" type="GuiResourceData"/>
<property name="ram_memory.vhd, 365, 433, false, false, false, false, true" value="1" type="GuiResourceData"/>
<property name="ram_memory.vhd, 366, 124" value="1" type="GuiResourceData"/>
<property name="ram_memory.vhd, 366, 141" value="1" type="GuiResourceData"/>
<property name="ram_memory.vhd, 368, 247" value="1" type="GuiResourceData"/>
<property name="ram_memory.vhd, 372, 45" value="1" type="GuiResourceData"/>
<property name="ram_memory.vhd, 380, 152" value="1" type="GuiResourceData"/>
<property name="ram_memory.vhd, 382, 149" value="1" type="GuiResourceData"/>
<property name="ram_memory.vhd, 382, 180" value="1" type="GuiResourceData"/>
<property name="ram_memory.vhd, 386, 145" value="1" type="GuiResourceData"/>
<property name="ram_memory.vhd, 392, 144" value="1" type="GuiResourceData"/>
<property name="ram_memory.vhd, 397, 331" value="1" type="GuiResourceData"/>
<property name="ram_memory.vhd, 399, 433" value="1" type="GuiResourceData"/>
<property name="ram_memory.vhd, 399, 433, false, false, false, false, true" value="1" type="GuiResourceData"/>
<property name="ram_memory.vhd, 402, 434" value="1" type="GuiResourceData"/>
<property name="ram_memory.vhd, 402, 434, false, false, false, false, true" value="1" type="GuiResourceData"/>
<property name="ram_memory.vhd, 410, 124" value="1" type="GuiResourceData"/>
<property name="ram_memory.vhd, 410, 124, false, false, false, false, true" value="1" type="GuiResourceData"/>
<property name="ram_memory.vhd, 424, 318" value="1" type="GuiResourceData"/>
<property name="ram_memory.vhd, 426, 414" value="1" type="GuiResourceData"/>
<property name="ram_memory.vhd, 435, 94" value="1" type="GuiResourceData"/>
<property name="ram_memory.vhd, 437, 414" value="1" type="GuiResourceData"/>
<property name="ram_memory.vhd, 437, 414, false, false, false, false, true" value="1" type="GuiResourceData"/>
<property name="ram_memory.vhd, 442, 433" value="2" type="GuiResourceData"/>
<property name="ram_memory.vhd, 442, 433, false, false, false, false, true" value="1" type="GuiResourceData"/>
<property name="ram_memory.vhd, 444, 422" value="1" type="GuiResourceData"/>
<property name="ram_memory.vhd, 449, 448" value="1" type="GuiResourceData"/>
<property name="ram_memory.vhd, 47, 436" value="2" type="GuiResourceData"/>
<property name="ram_memory.vhd, 470, 430" value="1" type="GuiResourceData"/>
<property name="ram_memory.vhd, 470, 430, false, false, false, false, true" value="1" type="GuiResourceData"/>
<property name="ram_memory.vhd, 482, 435" value="1" type="GuiResourceData"/>
<property name="ram_memory.vhd, 482, 435, false, false, false, false, true" value="1" type="GuiResourceData"/>
<property name="ram_memory.vhd, 484, 232" value="1" type="GuiResourceData"/>
<property name="ram_memory.vhd, 490, 233" value="1" type="GuiResourceData"/>
<property name="ram_memory.vhd, 490, 387" value="1" type="GuiResourceData"/>
<property name="ram_memory.vhd, 491, 179" value="1" type="GuiResourceData"/>
<property name="ram_memory.vhd, 494, 229" value="1" type="GuiResourceData"/>
<property name="ram_memory.vhd, 510, 179" value="1" type="GuiResourceData"/>
<property name="ram_memory.vhd, 513, 179" value="1" type="GuiResourceData"/>
<property name="ram_memory.vhd, 513, 228" value="1" type="GuiResourceData"/>
<property name="ram_memory.vhd, 517, 182" value="1" type="GuiResourceData"/>
<property name="ram_memory.vhd, 518, 269" value="1" type="GuiResourceData"/>
<property name="ram_memory.vhd, 520, 257" value="1" type="GuiResourceData"/>
<property name="ram_memory.vhd, 530, 238" value="1" type="GuiResourceData"/>
<property name="ram_memory.vhd, 533, 235" value="1" type="GuiResourceData"/>
<property name="ram_memory.vhd, 533, 235, false, false, false, false, true" value="1" type="GuiResourceData"/>
<property name="ram_memory.vhd, 537, 222" value="1" type="GuiResourceData"/>
<property name="ram_memory.vhd, 55, 201" value="1" type="GuiResourceData"/>
<property name="ram_memory.vhd, 55, 201, false, false, false, false, true" value="1" type="GuiResourceData"/>
<property name="ram_memory.vhd, 57, 131" value="1" type="GuiResourceData"/>
<property name="ram_memory.vhd, 57, 131, false, false, false, false, true" value="1" type="GuiResourceData"/>
<property name="ram_memory.vhd, 57, 301" value="1" type="GuiResourceData"/>
<property name="ram_memory.vhd, 57, 301, false, false, false, false, true" value="1" type="GuiResourceData"/>
<property name="ram_memory.vhd, 571, 272" value="1" type="GuiResourceData"/>
<property name="ram_memory.vhd, 6, 448" value="1" type="GuiResourceData"/>
<property name="ram_memory.vhd, 60, 434" value="1" type="GuiResourceData"/>
<property name="ram_memory.vhd, 60, 434, false, false, false, false, true" value="1" type="GuiResourceData"/>
<property name="ram_memory.vhd, 62, 183" value="1" type="GuiResourceData"/>
<property name="ram_memory.vhd, 62, 183, false, false, false, false, true" value="1" type="GuiResourceData"/>
<property name="ram_memory.vhd, 62, 201" value="1" type="GuiResourceData"/>
<property name="ram_memory.vhd, 62, 201, false, false, false, false, true" value="1" type="GuiResourceData"/>
<property name="ram_memory.vhd, 63, 147" value="1" type="GuiResourceData"/>
<property name="ram_memory.vhd, 63, 147, false, false, false, false, true" value="1" type="GuiResourceData"/>
<property name="ram_memory.vhd, 640, 214" value="1" type="GuiResourceData"/>
<property name="ram_memory.vhd, 65, 435" value="1" type="GuiResourceData"/>
<property name="ram_memory.vhd, 65, 435, false, false, false, false, true" value="1" type="GuiResourceData"/>
<property name="ram_memory.vhd, 662, 231" value="1" type="GuiResourceData"/>
<property name="ram_memory.vhd, 67, 161" value="1" type="GuiResourceData"/>
<property name="ram_memory.vhd, 67, 161, false, false, false, false, true" value="1" type="GuiResourceData"/>
<property name="ram_memory.vhd, 670, 233" value="1" type="GuiResourceData"/>
<property name="ram_memory.vhd, 671, 232" value="1" type="GuiResourceData"/>
<property name="ram_memory.vhd, 671, 235" value="1" type="GuiResourceData"/>
<property name="ram_memory.vhd, 675, 181" value="1" type="GuiResourceData"/>
<property name="ram_memory.vhd, 679, 181" value="1" type="GuiResourceData"/>
<property name="ram_memory.vhd, 681, 179" value="1" type="GuiResourceData"/>
<property name="ram_memory.vhd, 682, 174" value="1" type="GuiResourceData"/>
<property name="ram_memory.vhd, 686, 177" value="1" type="GuiResourceData"/>
<property name="ram_memory.vhd, 70, 301" value="1" type="GuiResourceData"/>
<property name="ram_memory.vhd, 70, 301, false, false, false, false, true" value="1" type="GuiResourceData"/>
<property name="ram_memory.vhd, 71, 167" value="1" type="GuiResourceData"/>
<property name="ram_memory.vhd, 71, 167, false, false, false, false, true" value="1" type="GuiResourceData"/>
<property name="ram_memory.vhd, 71, 178" value="1" type="GuiResourceData"/>
<property name="ram_memory.vhd, 73, 217" value="1" type="GuiResourceData"/>
<property name="ram_memory.vhd, 73, 217, false, false, false, false, true" value="1" type="GuiResourceData"/>
<property name="ram_memory.vhd, 83, 234" value="1" type="GuiResourceData"/>
<property name="ram_memory.vhd, 83, 234, false, false, false, false, true" value="1" type="GuiResourceData"/>
<property name="ram_memory.vhd, 89, 249" value="2" type="GuiResourceData"/>
<property name="ram_memory.vhd, 89, 249, false, false, false, false, true" value="1" type="GuiResourceData"/>
<property name="ram_memory.vhd, 93, 98" value="1" type="GuiResourceData"/>
<property name="ram_memory.vhd, 93, 98, false, false, false, false, true" value="1" type="GuiResourceData"/>
<property name="ram_memory.vhd, 99, 458" value="1" type="GuiResourceData"/>
<property name="testbench_memory.vhd, 102, 454" value="1" type="GuiResourceData"/>
<property name="testbench_memory.vhd, 102, 454, false, false, false, false, true" value="1" type="GuiResourceData"/>
<property name="testbench_memory.vhd, 103, 382" value="1" type="GuiResourceData"/>
<property name="testbench_memory.vhd, 104, 380, true, false, false, false, false" value="1" type="GuiResourceData"/>
<property name="testbench_memory.vhd, 106, 433" value="1" type="GuiResourceData"/>
<property name="testbench_memory.vhd, 106, 433, false, false, false, false, true" value="1" type="GuiResourceData"/>
<property name="testbench_memory.vhd, 107, 368" value="1" type="GuiResourceData"/>
<property name="testbench_memory.vhd, 111, 427" value="1" type="GuiResourceData"/>
<property name="testbench_memory.vhd, 112, 433" value="1" type="GuiResourceData"/>
<property name="testbench_memory.vhd, 112, 433, false, false, false, false, true" value="1" type="GuiResourceData"/>
<property name="testbench_memory.vhd, 115, 399" value="1" type="GuiResourceData"/>
<property name="testbench_memory.vhd, 115, 399, false, false, false, false, true" value="1" type="GuiResourceData"/>
<property name="testbench_memory.vhd, 116, 436" value="1" type="GuiResourceData"/>
<property name="testbench_memory.vhd, 116, 436, false, false, false, false, true" value="1" type="GuiResourceData"/>
<property name="testbench_memory.vhd, 116, 443" value="1" type="GuiResourceData"/>
<property name="testbench_memory.vhd, 118, 426" value="1" type="GuiResourceData"/>
<property name="testbench_memory.vhd, 128, 402" value="2" type="GuiResourceData"/>
<property name="testbench_memory.vhd, 128, 402, false, false, false, false, true" value="1" type="GuiResourceData"/>
<property name="testbench_memory.vhd, 129, 434" value="1" type="GuiResourceData"/>
<property name="testbench_memory.vhd, 129, 434, false, false, false, false, true" value="1" type="GuiResourceData"/>
<property name="testbench_memory.vhd, 131, 373" value="1" type="GuiResourceData"/>
<property name="testbench_memory.vhd, 131, 373, false, false, false, false, true" value="1" type="GuiResourceData"/>
<property name="testbench_memory.vhd, 139, 401" value="1" type="GuiResourceData"/>
<property name="testbench_memory.vhd, 139, 401, false, false, false, false, true" value="1" type="GuiResourceData"/>
<property name="testbench_memory.vhd, 142, 404" value="1" type="GuiResourceData"/>
<property name="testbench_memory.vhd, 142, 404, false, false, false, false, true" value="1" type="GuiResourceData"/>
<property name="testbench_memory.vhd, 143, 458" value="1" type="GuiResourceData"/>
<property name="testbench_memory.vhd, 157, 337" value="1" type="GuiResourceData"/>
<property name="testbench_memory.vhd, 158, 334" value="1" type="GuiResourceData"/>
<property name="testbench_memory.vhd, 158, 334, false, false, false, false, true" value="1" type="GuiResourceData"/>
<property name="testbench_memory.vhd, 158, 382" value="1" type="GuiResourceData"/>
<property name="testbench_memory.vhd, 158, 425" value="1" type="GuiResourceData"/>
<property name="testbench_memory.vhd, 160, 345" value="1" type="GuiResourceData"/>
<property name="testbench_memory.vhd, 161, 242" value="1" type="GuiResourceData"/>
<property name="testbench_memory.vhd, 161, 340" value="1" type="GuiResourceData"/>
<property name="testbench_memory.vhd, 161, 357" value="1" type="GuiResourceData"/>
<property name="testbench_memory.vhd, 162, 248" value="1" type="GuiResourceData"/>
<property name="testbench_memory.vhd, 162, 336" value="1" type="GuiResourceData"/>
<property name="testbench_memory.vhd, 172, 335" value="1" type="GuiResourceData"/>
<property name="testbench_memory.vhd, 174, 298" value="1" type="GuiResourceData"/>
<property name="testbench_memory.vhd, 176, 398" value="1" type="GuiResourceData"/>
<property name="testbench_memory.vhd, 179, 417" value="1" type="GuiResourceData"/>
<property name="testbench_memory.vhd, 179, 437" value="1" type="GuiResourceData"/>
<property name="testbench_memory.vhd, 179, 437, false, false, false, false, true" value="1" type="GuiResourceData"/>
<property name="testbench_memory.vhd, 180, 300" value="1" type="GuiResourceData"/>
<property name="testbench_memory.vhd, 180, 300, false, false, false, false, true" value="1" type="GuiResourceData"/>
<property name="testbench_memory.vhd, 186, 425" value="1" type="GuiResourceData"/>
<property name="testbench_memory.vhd, 188, 299" value="1" type="GuiResourceData"/>
<property name="testbench_memory.vhd, 188, 299, false, false, false, false, true" value="1" type="GuiResourceData"/>
<property name="testbench_memory.vhd, 188, 307" value="1" type="GuiResourceData"/>
<property name="testbench_memory.vhd, 188, 307, false, false, false, false, true" value="1" type="GuiResourceData"/>
<property name="testbench_memory.vhd, 193, 420" value="1" type="GuiResourceData"/>
<property name="testbench_memory.vhd, 195, 434" value="1" type="GuiResourceData"/>
<property name="testbench_memory.vhd, 195, 434, false, false, false, false, true" value="1" type="GuiResourceData"/>
<property name="testbench_memory.vhd, 196, 435" value="2" type="GuiResourceData"/>
<property name="testbench_memory.vhd, 201, 450" value="1" type="GuiResourceData"/>
<property name="testbench_memory.vhd, 202, 436" value="1" type="GuiResourceData"/>
<property name="testbench_memory.vhd, 202, 436, false, false, false, false, true" value="1" type="GuiResourceData"/>
<property name="testbench_memory.vhd, 204, 439" value="1" type="GuiResourceData"/>
<property name="testbench_memory.vhd, 205, 370" value="1" type="GuiResourceData"/>
<property name="testbench_memory.vhd, 210, 444" value="1" type="GuiResourceData"/>
<property name="testbench_memory.vhd, 211, 429" value="1" type="GuiResourceData"/>
<property name="testbench_memory.vhd, 217, 132" value="1" type="GuiResourceData"/>
<property name="testbench_memory.vhd, 217, 132, false, false, false, false, true" value="1" type="GuiResourceData"/>
<property name="testbench_memory.vhd, 217, 406" value="1" type="GuiResourceData"/>
<property name="testbench_memory.vhd, 219, 64" value="1" type="GuiResourceData"/>
<property name="testbench_memory.vhd, 219, 64, false, false, false, false, true" value="1" type="GuiResourceData"/>
<property name="testbench_memory.vhd, 224, 81" value="1" type="GuiResourceData"/>
<property name="testbench_memory.vhd, 224, 81, false, false, false, false, true" value="1" type="GuiResourceData"/>
<property name="testbench_memory.vhd, 230, 217" value="1" type="GuiResourceData"/>
<property name="testbench_memory.vhd, 233, 30" value="1" type="GuiResourceData"/>
<property name="testbench_memory.vhd, 233, 30, false, false, false, false, true" value="1" type="GuiResourceData"/>
<property name="testbench_memory.vhd, 233, 90" value="1" type="GuiResourceData"/>
<property name="testbench_memory.vhd, 238, 115" value="1" type="GuiResourceData"/>
<property name="testbench_memory.vhd, 238, 115, false, false, false, false, true" value="1" type="GuiResourceData"/>
<property name="testbench_memory.vhd, 238, 43" value="1" type="GuiResourceData"/>
<property name="testbench_memory.vhd, 238, 43, false, false, false, false, true" value="1" type="GuiResourceData"/>
<property name="testbench_memory.vhd, 245, 403" value="1" type="GuiResourceData"/>
<property name="testbench_memory.vhd, 245, 403, false, false, false, false, true" value="1" type="GuiResourceData"/>
<property name="testbench_memory.vhd, 271, 96" value="1" type="GuiResourceData"/>
<property name="testbench_memory.vhd, 271, 96, false, false, false, false, true" value="1" type="GuiResourceData"/>
<property name="testbench_memory.vhd, 284, 338" value="1" type="GuiResourceData"/>
<property name="testbench_memory.vhd, 284, 338, false, false, false, false, true" value="1" type="GuiResourceData"/>
<property name="testbench_memory.vhd, 290, 408" value="1" type="GuiResourceData"/>
<property name="testbench_memory.vhd, 291, 305" value="1" type="GuiResourceData"/>
<property name="testbench_memory.vhd, 291, 305, false, false, false, false, true" value="1" type="GuiResourceData"/>
<property name="testbench_memory.vhd, 291, 401" value="1" type="GuiResourceData"/>
<property name="testbench_memory.vhd, 291, 401, false, false, false, false, true" value="1" type="GuiResourceData"/>
<property name="testbench_memory.vhd, 291, 402" value="1" type="GuiResourceData"/>
<property name="testbench_memory.vhd, 291, 402, false, false, false, false, true" value="1" type="GuiResourceData"/>
<property name="testbench_memory.vhd, 293, 332" value="1" type="GuiResourceData"/>
<property name="testbench_memory.vhd, 300, 398" value="1" type="GuiResourceData"/>
<property name="testbench_memory.vhd, 300, 398, false, false, false, false, true" value="1" type="GuiResourceData"/>
<property name="testbench_memory.vhd, 301, 433" value="1" type="GuiResourceData"/>
<property name="testbench_memory.vhd, 301, 433, false, false, false, false, true" value="1" type="GuiResourceData"/>
<property name="testbench_memory.vhd, 301, 438" value="1" type="GuiResourceData"/>
<property name="testbench_memory.vhd, 303, 436" value="1" type="GuiResourceData"/>
<property name="testbench_memory.vhd, 303, 436, false, false, false, false, true" value="1" type="GuiResourceData"/>
<property name="testbench_memory.vhd, 312, 297" value="1" type="GuiResourceData"/>
<property name="testbench_memory.vhd, 312, 297, false, false, false, false, true" value="1" type="GuiResourceData"/>
<property name="testbench_memory.vhd, 334, 267" value="1" type="GuiResourceData"/>
<property name="testbench_memory.vhd, 34, 180" value="1" type="GuiResourceData"/>
<property name="testbench_memory.vhd, 352, 298" value="1" type="GuiResourceData"/>
<property name="testbench_memory.vhd, 353, 300" value="1" type="GuiResourceData"/>
<property name="testbench_memory.vhd, 369, 403" value="1" type="GuiResourceData"/>
<property name="testbench_memory.vhd, 369, 403, false, false, false, false, true" value="1" type="GuiResourceData"/>
<property name="testbench_memory.vhd, 371, 400" value="1" type="GuiResourceData"/>
<property name="testbench_memory.vhd, 372, 406" value="1" type="GuiResourceData"/>
<property name="testbench_memory.vhd, 372, 406, false, false, false, false, true" value="1" type="GuiResourceData"/>
<property name="testbench_memory.vhd, 375, 401" value="1" type="GuiResourceData"/>
<property name="testbench_memory.vhd, 375, 401, false, false, false, false, true" value="1" type="GuiResourceData"/>
<property name="testbench_memory.vhd, 380, 434" value="1" type="GuiResourceData"/>
<property name="testbench_memory.vhd, 380, 434, false, false, false, false, true" value="1" type="GuiResourceData"/>
<property name="testbench_memory.vhd, 388, 428" value="1" type="GuiResourceData"/>
<property name="testbench_memory.vhd, 405, 405" value="1" type="GuiResourceData"/>
<property name="testbench_memory.vhd, 419, 398" value="1" type="GuiResourceData"/>
<property name="testbench_memory.vhd, 42, 127" value="1" type="GuiResourceData"/>
<property name="testbench_memory.vhd, 42, 127, false, false, false, false, true" value="1" type="GuiResourceData"/>
<property name="testbench_memory.vhd, 42, 454" value="1" type="GuiResourceData"/>
<property name="testbench_memory.vhd, 448, 404" value="1" type="GuiResourceData"/>
<property name="testbench_memory.vhd, 448, 404, false, false, false, false, true" value="1" type="GuiResourceData"/>
<property name="testbench_memory.vhd, 459, 301" value="1" type="GuiResourceData"/>
<property name="testbench_memory.vhd, 47, 183" value="1" type="GuiResourceData"/>
<property name="testbench_memory.vhd, 477, 434" value="1" type="GuiResourceData"/>
<property name="testbench_memory.vhd, 483, 435" value="1" type="GuiResourceData"/>
<property name="testbench_memory.vhd, 485, 435" value="1" type="GuiResourceData"/>
<property name="testbench_memory.vhd, 50, 130" value="1" type="GuiResourceData"/>
<property name="testbench_memory.vhd, 50, 130, false, false, false, false, true" value="1" type="GuiResourceData"/>
<property name="testbench_memory.vhd, 510, 399" value="1" type="GuiResourceData"/>
<property name="testbench_memory.vhd, 510, 399, false, false, false, false, true" value="1" type="GuiResourceData"/>
<property name="testbench_memory.vhd, 518, 435" value="1" type="GuiResourceData"/>
<property name="testbench_memory.vhd, 544, 434" value="1" type="GuiResourceData"/>
<property name="testbench_memory.vhd, 545, 444" value="1" type="GuiResourceData"/>
<property name="testbench_memory.vhd, 593, 404" value="1" type="GuiResourceData"/>
<property name="testbench_memory.vhd, 593, 404, false, false, false, false, true" value="1" type="GuiResourceData"/>
<property name="testbench_memory.vhd, 60, 385" value="1" type="GuiResourceData"/>
<property name="testbench_memory.vhd, 60, 385, false, false, false, false, true" value="1" type="GuiResourceData"/>
<property name="testbench_memory.vhd, 64, 133" value="1" type="GuiResourceData"/>
<property name="testbench_memory.vhd, 642, 399" value="1" type="GuiResourceData"/>
<property name="testbench_memory.vhd, 642, 399, false, false, false, false, true" value="1" type="GuiResourceData"/>
<property name="testbench_memory.vhd, 67, 267" value="2" type="GuiResourceData"/>
<property name="testbench_memory.vhd, 67, 267, false, false, false, false, true" value="1" type="GuiResourceData"/>
<property name="testbench_memory.vhd, 73, 62" value="1" type="GuiResourceData"/>
<property name="testbench_memory.vhd, 74, 404" value="1" type="GuiResourceData"/>
<property name="testbench_memory.vhd, 74, 404, false, false, false, false, true" value="1" type="GuiResourceData"/>
<property name="testbench_memory.vhd, 74, 78" value="1" type="GuiResourceData"/>
<property name="testbench_memory.vhd, 75, 131" value="1" type="GuiResourceData"/>
<property name="testbench_memory.vhd, 75, 85" value="1" type="GuiResourceData"/>
<property name="testbench_memory.vhd, 76, 108" value="1" type="GuiResourceData"/>
<property name="testbench_memory.vhd, 76, 63" value="1" type="GuiResourceData"/>
<property name="testbench_memory.vhd, 760, 404" value="1" type="GuiResourceData"/>
<property name="testbench_memory.vhd, 77, 100" value="1" type="GuiResourceData"/>
<property name="testbench_memory.vhd, 77, 49" value="1" type="GuiResourceData"/>
<property name="testbench_memory.vhd, 80, 146" value="1" type="GuiResourceData"/>
<property name="testbench_memory.vhd, 83, 399" value="1" type="GuiResourceData"/>
<property name="testbench_memory.vhd, 83, 399, false, false, false, false, true" value="1" type="GuiResourceData"/>
<property name="testbench_memory.vhd, 87, 171" value="1" type="GuiResourceData"/>
<property name="testbench_memory.vhd, 911, 295" value="1" type="GuiResourceData"/>
<property name="testbench_memory.vhd, 92, 166" value="1" type="GuiResourceData"/>
<property name="testbench_memory.vhd, 93, 455, false, false, false, true, false" value="1" type="GuiResourceData"/>
<property name="top_level.vhd, 100, 126" value="1" type="GuiResourceData"/>
<property name="top_level.vhd, 100, 127, false, false, false, false, true" value="1" type="GuiResourceData"/>
<property name="top_level.vhd, 104, 197" value="1" type="GuiResourceData"/>
<property name="top_level.vhd, 106, 188" value="1" type="GuiResourceData"/>
<property name="top_level.vhd, 109, 180" value="1" type="GuiResourceData"/>
<property name="top_level.vhd, 109, 180, false, false, false, false, true" value="1" type="GuiResourceData"/>
<property name="top_level.vhd, 197, 393" value="1" type="GuiResourceData"/>
<property name="top_level.vhd, 201, 387" value="1" type="GuiResourceData"/>
<property name="top_level.vhd, 201, 387, false, false, false, false, true" value="1" type="GuiResourceData"/>
<property name="top_level.vhd, 203, 364" value="2" type="GuiResourceData"/>
<property name="top_level.vhd, 203, 364, false, false, false, false, true" value="1" type="GuiResourceData"/>
<property name="top_level.vhd, 204, 335" value="1" type="GuiResourceData"/>
<property name="top_level.vhd, 204, 335, false, false, false, false, true" value="1" type="GuiResourceData"/>
<property name="top_level.vhd, 204, 393" value="1" type="GuiResourceData"/>
<property name="top_level.vhd, 204, 393, false, false, false, false, true" value="1" type="GuiResourceData"/>
<property name="top_level.vhd, 205, 402" value="1" type="GuiResourceData"/>
<property name="top_level.vhd, 205, 402, false, false, false, false, true" value="1" type="GuiResourceData"/>
<property name="top_level.vhd, 206, 399" value="1" type="GuiResourceData"/>
<property name="top_level.vhd, 206, 399, false, false, false, false, true" value="1" type="GuiResourceData"/>
<property name="top_level.vhd, 207, 353" value="1" type="GuiResourceData"/>
<property name="top_level.vhd, 207, 353, false, false, false, false, true" value="1" type="GuiResourceData"/>
<property name="top_level.vhd, 207, 386" value="1" type="GuiResourceData"/>
<property name="top_level.vhd, 207, 386, false, false, false, false, true" value="1" type="GuiResourceData"/>
<property name="top_level.vhd, 207, 408" value="1" type="GuiResourceData"/>
<property name="top_level.vhd, 207, 408, false, false, false, false, true" value="1" type="GuiResourceData"/>
<property name="top_level.vhd, 208, 380" value="1" type="GuiResourceData"/>
<property name="top_level.vhd, 209, 324" value="1" type="GuiResourceData"/>
<property name="top_level.vhd, 209, 324, false, false, false, false, true" value="1" type="GuiResourceData"/>
<property name="top_level.vhd, 209, 338" value="1" type="GuiResourceData"/>
<property name="top_level.vhd, 210, 314" value="1" type="GuiResourceData"/>
<property name="top_level.vhd, 210, 314, false, false, false, false, true" value="1" type="GuiResourceData"/>
<property name="top_level.vhd, 211, 370" value="1" type="GuiResourceData"/>
<property name="top_level.vhd, 211, 370, false, false, false, false, true" value="1" type="GuiResourceData"/>
<property name="top_level.vhd, 213, 354" value="1" type="GuiResourceData"/>
<property name="top_level.vhd, 216, 365" value="1" type="GuiResourceData"/>
<property name="top_level.vhd, 218, 397" value="1" type="GuiResourceData"/>
<property name="top_level.vhd, 218, 397, false, false, false, false, true" value="1" type="GuiResourceData"/>
<property name="top_level.vhd, 222, 418" value="1" type="GuiResourceData"/>
<property name="top_level.vhd, 225, 345" value="1" type="GuiResourceData"/>
<property name="top_level.vhd, 225, 345, false, false, false, false, true" value="1" type="GuiResourceData"/>
<property name="top_level.vhd, 229, 401" value="1" type="GuiResourceData"/>
<property name="top_level.vhd, 229, 468" value="1" type="GuiResourceData"/>
<property name="top_level.vhd, 229, 468, false, false, false, false, true" value="1" type="GuiResourceData"/>
<property name="top_level.vhd, 233, 232" value="1" type="GuiResourceData"/>
<property name="top_level.vhd, 233, 232, false, false, false, false, true" value="1" type="GuiResourceData"/>
<property name="top_level.vhd, 233, 282" value="1" type="GuiResourceData"/>
<property name="top_level.vhd, 233, 282, false, false, false, false, true" value="1" type="GuiResourceData"/>
<property name="top_level.vhd, 234, 172" value="1" type="GuiResourceData"/>
<property name="top_level.vhd, 235, 211" value="1" type="GuiResourceData"/>
<property name="top_level.vhd, 235, 211, false, false, false, false, true" value="1" type="GuiResourceData"/>
<property name="top_level.vhd, 235, 215" value="1" type="GuiResourceData"/>
<property name="top_level.vhd, 235, 314" value="1" type="GuiResourceData"/>
<property name="top_level.vhd, 236, 247" value="1" type="GuiResourceData"/>
<property name="top_level.vhd, 236, 247, false, false, false, false, true" value="1" type="GuiResourceData"/>
<property name="top_level.vhd, 236, 261" value="1" type="GuiResourceData"/>
<property name="top_level.vhd, 236, 264" value="1" type="GuiResourceData"/>
<property name="top_level.vhd, 236, 264, false, false, false, false, true" value="1" type="GuiResourceData"/>
<property name="top_level.vhd, 238, 270" value="2" type="GuiResourceData"/>
<property name="top_level.vhd, 238, 270, false, false, false, false, true" value="1" type="GuiResourceData"/>
<property name="top_level.vhd, 239, 283" value="1" type="GuiResourceData"/>
<property name="top_level.vhd, 239, 283, false, false, false, false, true" value="1" type="GuiResourceData"/>
<property name="top_level.vhd, 240, 202" value="1" type="GuiResourceData"/>
<property name="top_level.vhd, 245, 230" value="1" type="GuiResourceData"/>
<property name="top_level.vhd, 247, 246" value="1" type="GuiResourceData"/>
<property name="top_level.vhd, 263, 286" value="1" type="GuiResourceData"/>
<property name="top_level.vhd, 266, 396" value="1" type="GuiResourceData"/>
<property name="top_level.vhd, 266, 396, false, false, false, false, true" value="1" type="GuiResourceData"/>
<property name="top_level.vhd, 267, 286" value="1" type="GuiResourceData"/>
<property name="top_level.vhd, 269, 286, false, false, false, false, true" value="1" type="GuiResourceData"/>
<property name="top_level.vhd, 275, 285" value="1" type="GuiResourceData"/>
<property name="top_level.vhd, 275, 285, false, false, false, false, true" value="1" type="GuiResourceData"/>
<property name="top_level.vhd, 277, 333" value="1" type="GuiResourceData"/>
<property name="top_level.vhd, 277, 333, false, false, false, false, true" value="1" type="GuiResourceData"/>
<property name="top_level.vhd, 278, 369" value="1" type="GuiResourceData"/>
<property name="top_level.vhd, 284, 249" value="1" type="GuiResourceData"/>
<property name="top_level.vhd, 284, 249, false, false, false, false, true" value="1" type="GuiResourceData"/>
<property name="top_level.vhd, 292, 263" value="1" type="GuiResourceData"/>
<property name="top_level.vhd, 292, 263, false, false, false, false, true" value="1" type="GuiResourceData"/>
<property name="top_level.vhd, 301, 271" value="1" type="GuiResourceData"/>
<property name="top_level.vhd, 301, 271, false, false, false, false, true" value="1" type="GuiResourceData"/>
<property name="top_level.vhd, 306, 350" value="1" type="GuiResourceData"/>
<property name="top_level.vhd, 306, 350, false, false, false, false, true" value="1" type="GuiResourceData"/>
<property name="top_level.vhd, 308, 417" value="1" type="GuiResourceData"/>
<property name="top_level.vhd, 308, 417, false, false, false, false, true" value="1" type="GuiResourceData"/>
<property name="top_level.vhd, 309, 425" value="1" type="GuiResourceData"/>
<property name="top_level.vhd, 309, 425, false, false, false, false, true" value="1" type="GuiResourceData"/>
<property name="top_level.vhd, 396, 184" value="1" type="GuiResourceData"/>
<property name="top_level.vhd, 82, 435" value="1" type="GuiResourceData"/>
<property name="top_level.vhd, 82, 435, false, false, false, false, true" value="1" type="GuiResourceData"/>
<property name="top_level.vhd, 99, 316" value="1" type="GuiResourceData"/>
<property name="top_level.vhd, 99, 316, false, false, false, false, true" value="1" type="GuiResourceData"/>
</item>
<item name="Other">
<property name="GuiMode" value="78" type="GuiMode"/>
<property name="BatchMode" value="0" type="BatchMode"/>
<property name="TclMode" value="63" type="TclMode"/>
</item>
</section>
</application>
</document>
